URL,Descripcion,Lugar,Fecha,Nombre Album,Personas que apraecen
https://cdn1.intriper.com/wp-content/uploads/2017/10/16000412/salinas-grandes.jpg,Disfrutando la vista,Salinas,"18,06,2020",Viajes,Carla
https://www.loving-miami.com/wp-content/uploads/2019/05/segway-tour-south-beach-miami-gyg.jpg,Que linda es la playa,South Beach,"2,09.2019",Viajes,"Sofia,Enrique"








































































































































































































































































































































































































































































































































































































































































































































































































































































































































































































































































